﻿Event Index,UTC Timestamp,UTC Date,Local Timestamp,Local Timezone,Local Date,Experiment ID,Experiment Version,Tree Node Key,Repeat Key,Schedule ID,Participant Public ID,Participant Private ID,Participant Starting Group,Participant Status,Participant Completion Code,Participant External Session ID,Participant Device Type,Participant Device,Participant OS,Participant Browser,Participant Monitor Size,Participant Viewport Size,Checkpoint,Task Name,Task Version,randomiser-mgaa,checkpoint-z52s,checkpoint-u6nu,checkpoint-puaw,checkpoint-axcr,checkpoint-mrc4,Question Key,Response
1,1551894853091,06/03/2019 17:54:13,1551894852506,0,06/03/2019 17:54:12,6138,31,questionnaire-s6wr,,2280607,5c0e55c7427e7b00013b7cb0,621711,,complete,,5c8003740fa63e001663059f,computer,Desktop or Laptop,Windows 10,Chrome 72.0.3626.121,1280x720,1280x578,after questionnairs,Feedback,2,High to Low,after consent,after demographics,after training,after fishing,after questionnairs,BEGIN QUESTIONNAIRE,
2,1551894854842,06/03/2019 17:54:14,1551894854121,0,06/03/2019 17:54:14,6138,31,questionnaire-s6wr,,2280607,5c0e55c7427e7b00013b7cb0,621711,,complete,,5c8003740fa63e001663059f,computer,Desktop or Laptop,Windows 10,Chrome 72.0.3626.121,1280x720,1280x578,after questionnairs,Feedback,2,High to Low,after consent,after demographics,after training,after fishing,after questionnairs,feedback,
3,1551894855060,06/03/2019 17:54:15,1551894854123,0,06/03/2019 17:54:14,6138,31,questionnaire-s6wr,,2280607,5c0e55c7427e7b00013b7cb0,621711,,complete,,5c8003740fa63e001663059f,computer,Desktop or Laptop,Windows 10,Chrome 72.0.3626.121,1280x720,1280x578,after questionnairs,Feedback,2,High to Low,after consent,after demographics,after training,after fishing,after questionnairs,END QUESTIONNAIRE,1617
1,1551895016016,06/03/2019 17:56:56,1551895015798,0,06/03/2019 17:56:55,6138,31,questionnaire-s6wr,,2280669,5bcd24135c2b810001dc9756,621725,,complete,,5c8004ee1b962600165d54b8,computer,Desktop or Laptop,Windows 10,Chrome 72.0.3626.119,1366x768,1366x657,after questionnairs,Feedback,2,Low to High,after consent,after demographics,after training,after fishing,after questionnairs,BEGIN QUESTIONNAIRE,
2,1551895018078,06/03/2019 17:56:58,1551895017928,0,06/03/2019 17:56:57,6138,31,questionnaire-s6wr,,2280669,5bcd24135c2b810001dc9756,621725,,complete,,5c8004ee1b962600165d54b8,computer,Desktop or Laptop,Windows 10,Chrome 72.0.3626.119,1366x768,1366x657,after questionnairs,Feedback,2,Low to High,after consent,after demographics,after training,after fishing,after questionnairs,feedback,
3,1551895018172,06/03/2019 17:56:58,1551895017936,0,06/03/2019 17:56:57,6138,31,questionnaire-s6wr,,2280669,5bcd24135c2b810001dc9756,621725,,complete,,5c8004ee1b962600165d54b8,computer,Desktop or Laptop,Windows 10,Chrome 72.0.3626.119,1366x768,1366x657,after questionnairs,Feedback,2,Low to High,after consent,after demographics,after training,after fishing,after questionnairs,END QUESTIONNAIRE,2139
1,1551895195265,06/03/2019 17:59:55,1551895196552,-5,06/03/2019 12:59:56,6138,31,questionnaire-s6wr,,2280731,5b245ce134ffd00001b41c00,621735,,complete,,5c80063ed88a5100169df6b7,computer,Desktop or Laptop,Windows 10,Chrome 72.0.3626.119,1536x864,1536x719,after questionnairs,Feedback,2,Low to High,after consent,after demographics,after training,after fishing,after questionnairs,BEGIN QUESTIONNAIRE,
2,1551895197155,06/03/2019 17:59:57,1551895198482,-5,06/03/2019 12:59:58,6138,31,questionnaire-s6wr,,2280731,5b245ce134ffd00001b41c00,621735,,complete,,5c80063ed88a5100169df6b7,computer,Desktop or Laptop,Windows 10,Chrome 72.0.3626.119,1536x864,1536x719,after questionnairs,Feedback,2,Low to High,after consent,after demographics,after training,after fishing,after questionnairs,feedback,
3,1551895197296,06/03/2019 17:59:57,1551895198486,-5,06/03/2019 12:59:58,6138,31,questionnaire-s6wr,,2280731,5b245ce134ffd00001b41c00,621735,,complete,,5c80063ed88a5100169df6b7,computer,Desktop or Laptop,Windows 10,Chrome 72.0.3626.119,1536x864,1536x719,after questionnairs,Feedback,2,Low to High,after consent,after demographics,after training,after fishing,after questionnairs,END QUESTIONNAIRE,1935
1,1551895385210,06/03/2019 18:03:05,1551895383012,0,06/03/2019 18:03:03,6138,31,questionnaire-s6wr,,2280793,5c66bbd0d0fb37000172fdfe,621738,,complete,,5c800653d8bd0900162bdb23,computer,Desktop or Laptop,Windows 10,Firefox 65.0,1824x1026,1824x890,after questionnairs,Feedback,2,High to Low,after consent,after demographics,after training,after fishing,after questionnairs,BEGIN QUESTIONNAIRE,
2,1551895388722,06/03/2019 18:03:08,1551895386523,0,06/03/2019 18:03:06,6138,31,questionnaire-s6wr,,2280793,5c66bbd0d0fb37000172fdfe,621738,,complete,,5c800653d8bd0900162bdb23,computer,Desktop or Laptop,Windows 10,Firefox 65.0,1824x1026,1824x890,after questionnairs,Feedback,2,High to Low,after consent,after demographics,after training,after fishing,after questionnairs,feedback,
3,1551895388828,06/03/2019 18:03:08,1551895386524,0,06/03/2019 18:03:06,6138,31,questionnaire-s6wr,,2280793,5c66bbd0d0fb37000172fdfe,621738,,complete,,5c800653d8bd0900162bdb23,computer,Desktop or Laptop,Windows 10,Firefox 65.0,1824x1026,1824x890,after questionnairs,Feedback,2,High to Low,after consent,after demographics,after training,after fishing,after questionnairs,END QUESTIONNAIRE,3512
1,1551895407313,06/03/2019 18:03:27,1551895406089,0,06/03/2019 18:03:26,6138,31,questionnaire-s6wr,,2280801,5c655f01755ed200011bf205,621733,,complete,,5c80061b472e4e0012531f32,computer,Desktop or Laptop,Windows 10,Chrome 72.0.3626.119,1366x768,1366x657,after questionnairs,Feedback,2,Low to High,after consent,after demographics,after training,after fishing,after questionnairs,BEGIN QUESTIONNAIRE,
2,1551895409489,06/03/2019 18:03:29,1551895408337,0,06/03/2019 18:03:28,6138,31,questionnaire-s6wr,,2280801,5c655f01755ed200011bf205,621733,,complete,,5c80061b472e4e0012531f32,computer,Desktop or Laptop,Windows 10,Chrome 72.0.3626.119,1366x768,1366x657,after questionnairs,Feedback,2,Low to High,after consent,after demographics,after training,after fishing,after questionnairs,feedback,
3,1551895409578,06/03/2019 18:03:29,1551895408339,0,06/03/2019 18:03:28,6138,31,questionnaire-s6wr,,2280801,5c655f01755ed200011bf205,621733,,complete,,5c80061b472e4e0012531f32,computer,Desktop or Laptop,Windows 10,Chrome 72.0.3626.119,1366x768,1366x657,after questionnairs,Feedback,2,Low to High,after consent,after demographics,after training,after fishing,after questionnairs,END QUESTIONNAIRE,2250
1,1551895497020,06/03/2019 18:04:57,1551895534074,0,06/03/2019 18:05:34,6138,31,questionnaire-s6wr,,2280832,5c4486c38bb6fd000164157d,621734,,complete,,5c80063238b1eb00011e7fc4,computer,Desktop or Laptop,Windows 7,Chrome 72.0.3626.119,1920x1080,1257x811,after questionnairs,Feedback,2,High to Low,after consent,after demographics,after training,after fishing,after questionnairs,BEGIN QUESTIONNAIRE,
2,1551895500211,06/03/2019 18:05:00,1551895537381,0,06/03/2019 18:05:37,6138,31,questionnaire-s6wr,,2280832,5c4486c38bb6fd000164157d,621734,,complete,,5c80063238b1eb00011e7fc4,computer,Desktop or Laptop,Windows 7,Chrome 72.0.3626.119,1920x1080,1257x811,after questionnairs,Feedback,2,High to Low,after consent,after demographics,after training,after fishing,after questionnairs,feedback,
3,1551895500273,06/03/2019 18:05:00,1551895537382,0,06/03/2019 18:05:37,6138,31,questionnaire-s6wr,,2280832,5c4486c38bb6fd000164157d,621734,,complete,,5c80063238b1eb00011e7fc4,computer,Desktop or Laptop,Windows 7,Chrome 72.0.3626.119,1920x1080,1257x811,after questionnairs,Feedback,2,High to Low,after consent,after demographics,after training,after fishing,after questionnairs,END QUESTIONNAIRE,3308
1,1551895525273,06/03/2019 18:05:25,1551895524595,0,06/03/2019 18:05:24,6138,31,questionnaire-s6wr,,2280843,5c536487b78e9500010dc0a1,621729,,complete,,5c8005472d63590001fd7a4a,computer,Desktop or Laptop,Mac OS 10.14.3,Safari 12.0.3,1440x900,1440x837,after questionnairs,Feedback,2,High to Low,after consent,after demographics,after training,after fishing,after questionnairs,BEGIN QUESTIONNAIRE,
2,1551895527901,06/03/2019 18:05:27,1551895527199,0,06/03/2019 18:05:27,6138,31,questionnaire-s6wr,,2280843,5c536487b78e9500010dc0a1,621729,,complete,,5c8005472d63590001fd7a4a,computer,Desktop or Laptop,Mac OS 10.14.3,Safari 12.0.3,1440x900,1440x837,after questionnairs,Feedback,2,High to Low,after consent,after demographics,after training,after fishing,after questionnairs,feedback,
3,1551895528274,06/03/2019 18:05:28,1551895527200,0,06/03/2019 18:05:27,6138,31,questionnaire-s6wr,,2280843,5c536487b78e9500010dc0a1,621729,,complete,,5c8005472d63590001fd7a4a,computer,Desktop or Laptop,Mac OS 10.14.3,Safari 12.0.3,1440x900,1440x837,after questionnairs,Feedback,2,High to Low,after consent,after demographics,after training,after fishing,after questionnairs,END QUESTIONNAIRE,2605
1,1551895632119,06/03/2019 18:07:12,1551895631204,0,06/03/2019 18:07:11,6138,31,questionnaire-s6wr,,2280862,5c55a6daf0a1fe00017f4756,621749,,complete,,5c8007193585990001e18d14,computer,Desktop or Laptop,Windows 10,Firefox 65.0,1366x768,1366x693,after questionnairs,Feedback,2,Low to High,after consent,after demographics,after training,after fishing,after questionnairs,BEGIN QUESTIONNAIRE,
2,1551895634354,06/03/2019 18:07:14,1551895633471,0,06/03/2019 18:07:13,6138,31,questionnaire-s6wr,,2280862,5c55a6daf0a1fe00017f4756,621749,,complete,,5c8007193585990001e18d14,computer,Desktop or Laptop,Windows 10,Firefox 65.0,1366x768,1366x693,after questionnairs,Feedback,2,Low to High,after consent,after demographics,after training,after fishing,after questionnairs,feedback,
3,1551895634467,06/03/2019 18:07:14,1551895633475,0,06/03/2019 18:07:13,6138,31,questionnaire-s6wr,,2280862,5c55a6daf0a1fe00017f4756,621749,,complete,,5c8007193585990001e18d14,computer,Desktop or Laptop,Windows 10,Firefox 65.0,1366x768,1366x693,after questionnairs,Feedback,2,Low to High,after consent,after demographics,after training,after fishing,after questionnairs,END QUESTIONNAIRE,2271
1,1551895680130,06/03/2019 18:08:00,1551895679195,0,06/03/2019 18:07:59,6138,31,questionnaire-s6wr,,2280876,5c635ac08a8eed000143da6c,621762,,complete,,5c8008660fa63e00166305ba,computer,Desktop or Laptop,Windows 10,Chrome 72.0.3626.121,1920x1080,1920x979,after questionnairs,Feedback,2,High to Low,after consent,after demographics,after training,after fishing,after questionnairs,BEGIN QUESTIONNAIRE,
2,1551895686183,06/03/2019 18:08:06,1551895685301,0,06/03/2019 18:08:05,6138,31,questionnaire-s6wr,,2280876,5c635ac08a8eed000143da6c,621762,,complete,,5c8008660fa63e00166305ba,computer,Desktop or Laptop,Windows 10,Chrome 72.0.3626.121,1920x1080,1920x979,after questionnairs,Feedback,2,High to Low,after consent,after demographics,after training,after fishing,after questionnairs,feedback,my finger hurt
3,1551895686261,06/03/2019 18:08:06,1551895685303,0,06/03/2019 18:08:05,6138,31,questionnaire-s6wr,,2280876,5c635ac08a8eed000143da6c,621762,,complete,,5c8008660fa63e00166305ba,computer,Desktop or Laptop,Windows 10,Chrome 72.0.3626.121,1920x1080,1920x979,after questionnairs,Feedback,2,High to Low,after consent,after demographics,after training,after fishing,after questionnairs,END QUESTIONNAIRE,6108
1,1551895898879,06/03/2019 18:11:38,1551895900060,0,06/03/2019 18:11:40,6138,31,questionnaire-s6wr,,2280918,5c40dea5f374a90001622c8e,621759,,complete,,5c8007e316fe5f0001f841fb,computer,Desktop or Laptop,Windows 10,Chrome 72.0.3626.119,1366x768,1366x625,after questionnairs,Feedback,2,Low to High,after consent,after demographics,after training,after fishing,after questionnairs,BEGIN QUESTIONNAIRE,
2,1551895900500,06/03/2019 18:11:40,1551895901703,0,06/03/2019 18:11:41,6138,31,questionnaire-s6wr,,2280918,5c40dea5f374a90001622c8e,621759,,complete,,5c8007e316fe5f0001f841fb,computer,Desktop or Laptop,Windows 10,Chrome 72.0.3626.119,1366x768,1366x625,after questionnairs,Feedback,2,Low to High,after consent,after demographics,after training,after fishing,after questionnairs,feedback,
3,1551895900564,06/03/2019 18:11:40,1551895901704,0,06/03/2019 18:11:41,6138,31,questionnaire-s6wr,,2280918,5c40dea5f374a90001622c8e,621759,,complete,,5c8007e316fe5f0001f841fb,computer,Desktop or Laptop,Windows 10,Chrome 72.0.3626.119,1366x768,1366x625,after questionnairs,Feedback,2,Low to High,after consent,after demographics,after training,after fishing,after questionnairs,END QUESTIONNAIRE,1645
1,1551895903203,06/03/2019 18:11:43,1551895903151,0,06/03/2019 18:11:43,6138,31,questionnaire-s6wr,,2280919,5bdca092e27ddf0001185103,621753,,complete,,5c8007961f93070012f8acf1,computer,Desktop or Laptop,Windows 10,Chrome 72.0.3626.119,1366x768,1366x768,after questionnairs,Feedback,2,Low to High,after consent,after demographics,after training,after fishing,after questionnairs,BEGIN QUESTIONNAIRE,
2,1551895906364,06/03/2019 18:11:46,1551895906383,0,06/03/2019 18:11:46,6138,31,questionnaire-s6wr,,2280919,5bdca092e27ddf0001185103,621753,,complete,,5c8007961f93070012f8acf1,computer,Desktop or Laptop,Windows 10,Chrome 72.0.3626.119,1366x768,1366x768,after questionnairs,Feedback,2,Low to High,after consent,after demographics,after training,after fishing,after questionnairs,feedback,
3,1551895906410,06/03/2019 18:11:46,1551895906385,0,06/03/2019 18:11:46,6138,31,questionnaire-s6wr,,2280919,5bdca092e27ddf0001185103,621753,,complete,,5c8007961f93070012f8acf1,computer,Desktop or Laptop,Windows 10,Chrome 72.0.3626.119,1366x768,1366x768,after questionnairs,Feedback,2,Low to High,after consent,after demographics,after training,after fishing,after questionnairs,END QUESTIONNAIRE,3234
1,1551895986643,06/03/2019 18:13:06,1551895986506,0,06/03/2019 18:13:06,6138,31,questionnaire-s6wr,,2280934,5c658b1c2ff6e000018bfa94,621770,,complete,,5c8008882d63590016fd7a65,computer,Desktop or Laptop,Mac OS 10.12.6,Safari 12.0.1,1440x900,1440x837,after questionnairs,Feedback,2,High to Low,after consent,after demographics,after training,after fishing,after questionnairs,BEGIN QUESTIONNAIRE,
2,1551895989452,06/03/2019 18:13:09,1551895989357,0,06/03/2019 18:13:09,6138,31,questionnaire-s6wr,,2280934,5c658b1c2ff6e000018bfa94,621770,,complete,,5c8008882d63590016fd7a65,computer,Desktop or Laptop,Mac OS 10.12.6,Safari 12.0.1,1440x900,1440x837,after questionnairs,Feedback,2,High to Low,after consent,after demographics,after training,after fishing,after questionnairs,feedback,
3,1551895989530,06/03/2019 18:13:09,1551895989359,0,06/03/2019 18:13:09,6138,31,questionnaire-s6wr,,2280934,5c658b1c2ff6e000018bfa94,621770,,complete,,5c8008882d63590016fd7a65,computer,Desktop or Laptop,Mac OS 10.12.6,Safari 12.0.1,1440x900,1440x837,after questionnairs,Feedback,2,High to Low,after consent,after demographics,after training,after fishing,after questionnairs,END QUESTIONNAIRE,2853
1,1551896215680,06/03/2019 18:16:55,1551896213062,0,06/03/2019 18:16:53,6138,31,questionnaire-s6wr,,2280996,5bfae63246911f0001d7d3f8,621772,,complete,,5c80092d4bb4bc0001ea3e6e,computer,Desktop or Laptop,Windows 10,Chrome 72.0.3626.121,1280x720,1280x610,after questionnairs,Feedback,2,Low to High,after consent,after demographics,after training,after fishing,after questionnairs,BEGIN QUESTIONNAIRE,
2,1551896227592,06/03/2019 18:17:07,1551896225023,0,06/03/2019 18:17:05,6138,31,questionnaire-s6wr,,2280996,5bfae63246911f0001d7d3f8,621772,,complete,,5c80092d4bb4bc0001ea3e6e,computer,Desktop or Laptop,Windows 10,Chrome 72.0.3626.121,1280x720,1280x610,after questionnairs,Feedback,2,Low to High,after consent,after demographics,after training,after fishing,after questionnairs,feedback,"no, it was very clear"
3,1551896227686,06/03/2019 18:17:07,1551896225027,0,06/03/2019 18:17:05,6138,31,questionnaire-s6wr,,2280996,5bfae63246911f0001d7d3f8,621772,,complete,,5c80092d4bb4bc0001ea3e6e,computer,Desktop or Laptop,Windows 10,Chrome 72.0.3626.121,1280x720,1280x610,after questionnairs,Feedback,2,Low to High,after consent,after demographics,after training,after fishing,after questionnairs,END QUESTIONNAIRE,11966
1,1551896337182,06/03/2019 18:18:57,1551896339904,0,06/03/2019 18:18:59,6138,31,questionnaire-s6wr,,2281021,5c1f89a010140800013f7ced,621789,,complete,,5c800a14e960aa00169603c7,computer,Desktop or Laptop,Windows 10,Chrome 72.0.3626.119,1366x768,1366x657,after questionnairs,Feedback,2,High to Low,after consent,after demographics,after training,after fishing,after questionnairs,BEGIN QUESTIONNAIRE,
2,1551896340338,06/03/2019 18:19:00,1551896343103,0,06/03/2019 18:19:03,6138,31,questionnaire-s6wr,,2281021,5c1f89a010140800013f7ced,621789,,complete,,5c800a14e960aa00169603c7,computer,Desktop or Laptop,Windows 10,Chrome 72.0.3626.119,1366x768,1366x657,after questionnairs,Feedback,2,High to Low,after consent,after demographics,after training,after fishing,after questionnairs,feedback,
3,1551896340479,06/03/2019 18:19:00,1551896343106,0,06/03/2019 18:19:03,6138,31,questionnaire-s6wr,,2281021,5c1f89a010140800013f7ced,621789,,complete,,5c800a14e960aa00169603c7,computer,Desktop or Laptop,Windows 10,Chrome 72.0.3626.119,1366x768,1366x657,after questionnairs,Feedback,2,High to Low,after consent,after demographics,after training,after fishing,after questionnairs,END QUESTIONNAIRE,3202
1,1551896393252,06/03/2019 18:19:53,1551896391932,0,06/03/2019 18:19:51,6138,31,questionnaire-s6wr,,2281029,5c59f7cb4eea0b00017c9317,621761,,complete,,5c80084ebaf0670015b60800,computer,Desktop or Laptop,Windows 10,Edge 17.17134,1366x768,1366x651,after questionnairs,Feedback,2,Low to High,after consent,after demographics,after training,after fishing,after questionnairs,BEGIN QUESTIONNAIRE,
2,1551896406220,06/03/2019 18:20:06,1551896404945,0,06/03/2019 18:20:04,6138,31,questionnaire-s6wr,,2281029,5c59f7cb4eea0b00017c9317,621761,,complete,,5c80084ebaf0670015b60800,computer,Desktop or Laptop,Windows 10,Edge 17.17134,1366x768,1366x651,after questionnairs,Feedback,2,Low to High,after consent,after demographics,after training,after fishing,after questionnairs,feedback,
3,1551896406282,06/03/2019 18:20:06,1551896404947,0,06/03/2019 18:20:04,6138,31,questionnaire-s6wr,,2281029,5c59f7cb4eea0b00017c9317,621761,,complete,,5c80084ebaf0670015b60800,computer,Desktop or Laptop,Windows 10,Edge 17.17134,1366x768,1366x651,after questionnairs,Feedback,2,Low to High,after consent,after demographics,after training,after fishing,after questionnairs,END QUESTIONNAIRE,13015
1,1551896429463,06/03/2019 18:20:29,1551896429360,0,06/03/2019 18:20:29,6138,31,questionnaire-s6wr,,2281038,5c1246ea72a5f1000117134b,621785,,complete,,5c800a037a96cf0017545b2a,computer,Desktop or Laptop,Mac OS 10.14.3,Chrome 72.0.3626.119,1280x800,1280x721,after questionnairs,Feedback,2,Low to High,after consent,after demographics,after training,after fishing,after questionnairs,BEGIN QUESTIONNAIRE,
2,1551896434646,06/03/2019 18:20:34,1551896434563,0,06/03/2019 18:20:34,6138,31,questionnaire-s6wr,,2281038,5c1246ea72a5f1000117134b,621785,,complete,,5c800a037a96cf0017545b2a,computer,Desktop or Laptop,Mac OS 10.14.3,Chrome 72.0.3626.119,1280x800,1280x721,after questionnairs,Feedback,2,Low to High,after consent,after demographics,after training,after fishing,after questionnairs,feedback,Nope :)
3,1551896434756,06/03/2019 18:20:34,1551896434564,0,06/03/2019 18:20:34,6138,31,questionnaire-s6wr,,2281038,5c1246ea72a5f1000117134b,621785,,complete,,5c800a037a96cf0017545b2a,computer,Desktop or Laptop,Mac OS 10.14.3,Chrome 72.0.3626.119,1280x800,1280x721,after questionnairs,Feedback,2,Low to High,after consent,after demographics,after training,after fishing,after questionnairs,END QUESTIONNAIRE,5204
1,1551896452569,06/03/2019 18:20:52,1551896452465,0,06/03/2019 18:20:52,6138,31,questionnaire-s6wr,,2281041,5c6c53f1c3aa150001144ea6,621775,,complete,,5c800946b9f2040016ae31fa,computer,Desktop or Laptop,Mac OS 10.13.6,Chrome 72.0.3626.119,1280x800,1280x597,after questionnairs,Feedback,2,High to Low,after consent,after demographics,after training,after fishing,after questionnairs,BEGIN QUESTIONNAIRE,
2,1551896454647,06/03/2019 18:20:54,1551896454614,0,06/03/2019 18:20:54,6138,31,questionnaire-s6wr,,2281041,5c6c53f1c3aa150001144ea6,621775,,complete,,5c800946b9f2040016ae31fa,computer,Desktop or Laptop,Mac OS 10.13.6,Chrome 72.0.3626.119,1280x800,1280x597,after questionnairs,Feedback,2,High to Low,after consent,after demographics,after training,after fishing,after questionnairs,feedback,
3,1551896454725,06/03/2019 18:20:54,1551896454616,0,06/03/2019 18:20:54,6138,31,questionnaire-s6wr,,2281041,5c6c53f1c3aa150001144ea6,621775,,complete,,5c800946b9f2040016ae31fa,computer,Desktop or Laptop,Mac OS 10.13.6,Chrome 72.0.3626.119,1280x800,1280x597,after questionnairs,Feedback,2,High to Low,after consent,after demographics,after training,after fishing,after questionnairs,END QUESTIONNAIRE,2151
1,1551896661594,06/03/2019 18:24:21,1551896655894,0,06/03/2019 18:24:15,6138,31,questionnaire-s6wr,,2281078,5bd9957a7351b50001b2c9ba,621774,,complete,,5c80092e78e54b0001d3e658,computer,Desktop or Laptop,Windows 8.1,Chrome 72.0.3626.121,1366x768,1366x625,after questionnairs,Feedback,2,High to Low,after consent,after demographics,after training,after fishing,after questionnairs,BEGIN QUESTIONNAIRE,
2,1551896663643,06/03/2019 18:24:23,1551896657998,0,06/03/2019 18:24:17,6138,31,questionnaire-s6wr,,2281078,5bd9957a7351b50001b2c9ba,621774,,complete,,5c80092e78e54b0001d3e658,computer,Desktop or Laptop,Windows 8.1,Chrome 72.0.3626.121,1366x768,1366x625,after questionnairs,Feedback,2,High to Low,after consent,after demographics,after training,after fishing,after questionnairs,feedback,
3,1551896663719,06/03/2019 18:24:23,1551896658002,0,06/03/2019 18:24:18,6138,31,questionnaire-s6wr,,2281078,5bd9957a7351b50001b2c9ba,621774,,complete,,5c80092e78e54b0001d3e658,computer,Desktop or Laptop,Windows 8.1,Chrome 72.0.3626.121,1366x768,1366x625,after questionnairs,Feedback,2,High to Low,after consent,after demographics,after training,after fishing,after questionnairs,END QUESTIONNAIRE,2109
1,1552054323014,08/03/2019 14:12:03,1552054322862,0,08/03/2019 14:12:02,6138,31,questionnaire-s6wr,,2292566,5c3f31385c5fcf00015801cf,625406,,complete,,5c82742d35584100010cf47c,computer,Desktop or Laptop,Mac OS 10.10.5,Chrome 72.0.3626.121,1280x800,1108x569,after questionnairs,Feedback,2,High to Low,after consent,after demographics,after training,after fishing,after questionnairs,BEGIN QUESTIONNAIRE,
2,1552054325282,08/03/2019 14:12:05,1552054325132,0,08/03/2019 14:12:05,6138,31,questionnaire-s6wr,,2292566,5c3f31385c5fcf00015801cf,625406,,complete,,5c82742d35584100010cf47c,computer,Desktop or Laptop,Mac OS 10.10.5,Chrome 72.0.3626.121,1280x800,1108x569,after questionnairs,Feedback,2,High to Low,after consent,after demographics,after training,after fishing,after questionnairs,feedback,
3,1552054325471,08/03/2019 14:12:05,1552054325133,0,08/03/2019 14:12:05,6138,31,questionnaire-s6wr,,2292566,5c3f31385c5fcf00015801cf,625406,,complete,,5c82742d35584100010cf47c,computer,Desktop or Laptop,Mac OS 10.10.5,Chrome 72.0.3626.121,1280x800,1108x569,after questionnairs,Feedback,2,High to Low,after consent,after demographics,after training,after fishing,after questionnairs,END QUESTIONNAIRE,2271
1,1552054400599,08/03/2019 14:13:20,1552054402212,0,08/03/2019 14:13:22,6138,31,questionnaire-s6wr,,2292598,5c3c6cb05060420001790d3f,625389,,complete,,5c827344eb5f5c0012e2ec5d,computer,Desktop or Laptop,Windows 10,Edge 17.17134,1366x768,1366x619,after questionnairs,Feedback,2,Low to High,after consent,after demographics,after training,after fishing,after questionnairs,BEGIN QUESTIONNAIRE,
2,1552054402815,08/03/2019 14:13:22,1552054404521,0,08/03/2019 14:13:24,6138,31,questionnaire-s6wr,,2292598,5c3c6cb05060420001790d3f,625389,,complete,,5c827344eb5f5c0012e2ec5d,computer,Desktop or Laptop,Windows 10,Edge 17.17134,1366x768,1366x619,after questionnairs,Feedback,2,Low to High,after consent,after demographics,after training,after fishing,after questionnairs,feedback,
3,1552054402911,08/03/2019 14:13:22,1552054404525,0,08/03/2019 14:13:24,6138,31,questionnaire-s6wr,,2292598,5c3c6cb05060420001790d3f,625389,,complete,,5c827344eb5f5c0012e2ec5d,computer,Desktop or Laptop,Windows 10,Edge 17.17134,1366x768,1366x619,after questionnairs,Feedback,2,Low to High,after consent,after demographics,after training,after fishing,after questionnairs,END QUESTIONNAIRE,2313
1,1552054423393,08/03/2019 14:13:43,1552054422154,0,08/03/2019 14:13:42,6138,31,questionnaire-s6wr,,2292600,5bf033df5fc1db00013051a0,625386,,complete,,5c82733554effd0001d7194a,computer,Desktop or Laptop,Windows 10,Chrome 72.0.3626.121,1536x864,1536x754,after questionnairs,Feedback,2,High to Low,after consent,after demographics,after training,after fishing,after questionnairs,BEGIN QUESTIONNAIRE,
2,1552054425102,08/03/2019 14:13:45,1552054424902,0,08/03/2019 14:13:44,6138,31,questionnaire-s6wr,,2292600,5bf033df5fc1db00013051a0,625386,,complete,,5c82733554effd0001d7194a,computer,Desktop or Laptop,Windows 10,Chrome 72.0.3626.121,1536x864,1536x754,after questionnairs,Feedback,2,High to Low,after consent,after demographics,after training,after fishing,after questionnairs,feedback,
3,1552054425149,08/03/2019 14:13:45,1552054424903,0,08/03/2019 14:13:44,6138,31,questionnaire-s6wr,,2292600,5bf033df5fc1db00013051a0,625386,,complete,,5c82733554effd0001d7194a,computer,Desktop or Laptop,Windows 10,Chrome 72.0.3626.121,1536x864,1536x754,after questionnairs,Feedback,2,High to Low,after consent,after demographics,after training,after fishing,after questionnairs,END QUESTIONNAIRE,2749
1,1552054534401,08/03/2019 14:15:34,1552054535325,0,08/03/2019 14:15:35,6138,31,questionnaire-s6wr,,2292625,5c75779b280f660019d7ca5f,625392,,complete,,5c82738bd2c07e0017f53292,computer,Desktop or Laptop,Windows 8,Chrome 72.0.3626.121,1344x840,1344x699,after questionnairs,Feedback,2,Low to High,after consent,after demographics,after training,after fishing,after questionnairs,BEGIN QUESTIONNAIRE,
2,1552054536663,08/03/2019 14:15:36,1552054537684,0,08/03/2019 14:15:37,6138,31,questionnaire-s6wr,,2292625,5c75779b280f660019d7ca5f,625392,,complete,,5c82738bd2c07e0017f53292,computer,Desktop or Laptop,Windows 8,Chrome 72.0.3626.121,1344x840,1344x699,after questionnairs,Feedback,2,Low to High,after consent,after demographics,after training,after fishing,after questionnairs,feedback,
3,1552054537224,08/03/2019 14:15:37,1552054537686,0,08/03/2019 14:15:37,6138,31,questionnaire-s6wr,,2292625,5c75779b280f660019d7ca5f,625392,,complete,,5c82738bd2c07e0017f53292,computer,Desktop or Laptop,Windows 8,Chrome 72.0.3626.121,1344x840,1344x699,after questionnairs,Feedback,2,Low to High,after consent,after demographics,after training,after fishing,after questionnairs,END QUESTIONNAIRE,2361
1,1552054557664,08/03/2019 14:15:57,1552054557546,0,08/03/2019 14:15:57,6138,31,questionnaire-s6wr,,2292632,5bfee33dce8e790001551d25,625394,,complete,,5c8273be810e890001e722fd,computer,Desktop or Laptop,Mac OS 10.14.3,Safari 12.0.3,1280x800,1280x737,after questionnairs,Feedback,2,High to Low,after consent,after demographics,after training,after fishing,after questionnairs,BEGIN QUESTIONNAIRE,
2,1552054559320,08/03/2019 14:15:59,1552054559301,0,08/03/2019 14:15:59,6138,31,questionnaire-s6wr,,2292632,5bfee33dce8e790001551d25,625394,,complete,,5c8273be810e890001e722fd,computer,Desktop or Laptop,Mac OS 10.14.3,Safari 12.0.3,1280x800,1280x737,after questionnairs,Feedback,2,High to Low,after consent,after demographics,after training,after fishing,after questionnairs,feedback,
3,1552054559465,08/03/2019 14:15:59,1552054559303,0,08/03/2019 14:15:59,6138,31,questionnaire-s6wr,,2292632,5bfee33dce8e790001551d25,625394,,complete,,5c8273be810e890001e722fd,computer,Desktop or Laptop,Mac OS 10.14.3,Safari 12.0.3,1280x800,1280x737,after questionnairs,Feedback,2,High to Low,after consent,after demographics,after training,after fishing,after questionnairs,END QUESTIONNAIRE,1757
1,1552054618772,08/03/2019 14:16:58,1552054588125,0,08/03/2019 14:16:28,6138,31,questionnaire-s6wr,,2292646,5ab5509cf69e940001d8d954,625403,,complete,,5c82741e24efd80001b93dfa,computer,Desktop or Laptop,Windows 7,Firefox 65.0,1366x768,1366x654,after questionnairs,Feedback,2,High to Low,after consent,after demographics,after training,after fishing,after questionnairs,BEGIN QUESTIONNAIRE,
2,1552054625144,08/03/2019 14:17:05,1552054593909,0,08/03/2019 14:16:33,6138,31,questionnaire-s6wr,,2292646,5ab5509cf69e940001d8d954,625403,,complete,,5c82741e24efd80001b93dfa,computer,Desktop or Laptop,Windows 7,Firefox 65.0,1366x768,1366x654,after questionnairs,Feedback,2,High to Low,after consent,after demographics,after training,after fishing,after questionnairs,feedback,
3,1552054625441,08/03/2019 14:17:05,1552054593914,0,08/03/2019 14:16:33,6138,31,questionnaire-s6wr,,2292646,5ab5509cf69e940001d8d954,625403,,complete,,5c82741e24efd80001b93dfa,computer,Desktop or Laptop,Windows 7,Firefox 65.0,1366x768,1366x654,after questionnairs,Feedback,2,High to Low,after consent,after demographics,after training,after fishing,after questionnairs,END QUESTIONNAIRE,5789
1,1552054691635,08/03/2019 14:18:11,1552054691376,0,08/03/2019 14:18:11,6138,31,questionnaire-s6wr,,2292678,5c65e63b67057200011abaa4,625385,,complete,,5c82731c8c0d01001758fdcf,computer,Desktop or Laptop,Windows 10,Chrome 72.0.3626.119,1707x960,1897x945,after questionnairs,Feedback,2,Low to High,after consent,after demographics,after training,after fishing,after questionnairs,BEGIN QUESTIONNAIRE,
2,1552054694760,08/03/2019 14:18:14,1552054694550,0,08/03/2019 14:18:14,6138,31,questionnaire-s6wr,,2292678,5c65e63b67057200011abaa4,625385,,complete,,5c82731c8c0d01001758fdcf,computer,Desktop or Laptop,Windows 10,Chrome 72.0.3626.119,1707x960,1897x945,after questionnairs,Feedback,2,Low to High,after consent,after demographics,after training,after fishing,after questionnairs,feedback,
3,1552054694838,08/03/2019 14:18:14,1552054694551,0,08/03/2019 14:18:14,6138,31,questionnaire-s6wr,,2292678,5c65e63b67057200011abaa4,625385,,complete,,5c82731c8c0d01001758fdcf,computer,Desktop or Laptop,Windows 10,Chrome 72.0.3626.119,1707x960,1897x945,after questionnairs,Feedback,2,Low to High,after consent,after demographics,after training,after fishing,after questionnairs,END QUESTIONNAIRE,3176
1,1552054710007,08/03/2019 14:18:30,1552054710397,0,08/03/2019 14:18:30,6138,31,questionnaire-s6wr,,2292688,5c3bb90ebfed770001109912,625404,,complete,,5c8273a742ff490016c7dd3b,computer,Desktop or Laptop,Windows 10,Chrome 72.0.3626.121,1280x720,1280x610,after questionnairs,Feedback,2,Low to High,after consent,after demographics,after training,after fishing,after questionnairs,BEGIN QUESTIONNAIRE,
2,1552054724925,08/03/2019 14:18:44,1552054725338,0,08/03/2019 14:18:45,6138,31,questionnaire-s6wr,,2292688,5c3bb90ebfed770001109912,625404,,complete,,5c8273a742ff490016c7dd3b,computer,Desktop or Laptop,Windows 10,Chrome 72.0.3626.121,1280x720,1280x610,after questionnairs,Feedback,2,Low to High,after consent,after demographics,after training,after fishing,after questionnairs,feedback,"Good study, like the game and clear instructions"
3,1552054725047,08/03/2019 14:18:45,1552054725340,0,08/03/2019 14:18:45,6138,31,questionnaire-s6wr,,2292688,5c3bb90ebfed770001109912,625404,,complete,,5c8273a742ff490016c7dd3b,computer,Desktop or Laptop,Windows 10,Chrome 72.0.3626.121,1280x720,1280x610,after questionnairs,Feedback,2,Low to High,after consent,after demographics,after training,after fishing,after questionnairs,END QUESTIONNAIRE,14943
1,1552054767447,08/03/2019 14:19:27,1552054765079,0,08/03/2019 14:19:25,6138,31,questionnaire-s6wr,,2292705,5c7ae077477abb00168f812e,625410,,complete,,5c8273b0eb5f5c0012e2ec5f,computer,Desktop or Laptop,Windows 10,Chrome 72.0.3626.119,1366x768,1366x625,after questionnairs,Feedback,2,Low to High,after consent,after demographics,after training,after fishing,after questionnairs,BEGIN QUESTIONNAIRE,
2,1552054770025,08/03/2019 14:19:30,1552054767699,0,08/03/2019 14:19:27,6138,31,questionnaire-s6wr,,2292705,5c7ae077477abb00168f812e,625410,,complete,,5c8273b0eb5f5c0012e2ec5f,computer,Desktop or Laptop,Windows 10,Chrome 72.0.3626.119,1366x768,1366x625,after questionnairs,Feedback,2,Low to High,after consent,after demographics,after training,after fishing,after questionnairs,feedback,
3,1552054770135,08/03/2019 14:19:30,1552054767711,0,08/03/2019 14:19:27,6138,31,questionnaire-s6wr,,2292705,5c7ae077477abb00168f812e,625410,,complete,,5c8273b0eb5f5c0012e2ec5f,computer,Desktop or Laptop,Windows 10,Chrome 72.0.3626.119,1366x768,1366x625,after questionnairs,Feedback,2,Low to High,after consent,after demographics,after training,after fishing,after questionnairs,END QUESTIONNAIRE,2633
1,1552054835815,08/03/2019 14:20:35,1552054825068,0,08/03/2019 14:20:25,6138,31,questionnaire-s6wr,,2292726,5c75bbfec84cc10001508282,625411,,complete,,5c8274a38a3a800010c83115,computer,Desktop or Laptop,Windows 10,Chrome 72.0.3626.121,1920x1080,1920x938,after questionnairs,Feedback,2,Low to High,after consent,after demographics,after training,after fishing,after questionnairs,BEGIN QUESTIONNAIRE,
2,1552054841030,08/03/2019 14:20:41,1552054830320,0,08/03/2019 14:20:30,6138,31,questionnaire-s6wr,,2292726,5c75bbfec84cc10001508282,625411,,complete,,5c8274a38a3a800010c83115,computer,Desktop or Laptop,Windows 10,Chrome 72.0.3626.121,1920x1080,1920x938,after questionnairs,Feedback,2,Low to High,after consent,after demographics,after training,after fishing,after questionnairs,feedback,
3,1552054841127,08/03/2019 14:20:41,1552054830321,0,08/03/2019 14:20:30,6138,31,questionnaire-s6wr,,2292726,5c75bbfec84cc10001508282,625411,,complete,,5c8274a38a3a800010c83115,computer,Desktop or Laptop,Windows 10,Chrome 72.0.3626.121,1920x1080,1920x938,after questionnairs,Feedback,2,Low to High,after consent,after demographics,after training,after fishing,after questionnairs,END QUESTIONNAIRE,5253
1,1552054860439,08/03/2019 14:21:00,1552054860343,0,08/03/2019 14:21:00,6138,31,questionnaire-s6wr,,2292735,5b8bbd437073290001839123,625408,,complete,,5c827475d4f0a800157628f1,computer,Desktop or Laptop,Mac OS 10.14.3,Chrome 72.0.3626.119,1920x1080,1920x968,after questionnairs,Feedback,2,Low to High,after consent,after demographics,after training,after fishing,after questionnairs,BEGIN QUESTIONNAIRE,
2,1552054862767,08/03/2019 14:21:02,1552054862714,0,08/03/2019 14:21:02,6138,31,questionnaire-s6wr,,2292735,5b8bbd437073290001839123,625408,,complete,,5c827475d4f0a800157628f1,computer,Desktop or Laptop,Mac OS 10.14.3,Chrome 72.0.3626.119,1920x1080,1920x968,after questionnairs,Feedback,2,Low to High,after consent,after demographics,after training,after fishing,after questionnairs,feedback,
3,1552054862830,08/03/2019 14:21:02,1552054862715,0,08/03/2019 14:21:02,6138,31,questionnaire-s6wr,,2292735,5b8bbd437073290001839123,625408,,complete,,5c827475d4f0a800157628f1,computer,Desktop or Laptop,Mac OS 10.14.3,Chrome 72.0.3626.119,1920x1080,1920x968,after questionnairs,Feedback,2,Low to High,after consent,after demographics,after training,after fishing,after questionnairs,END QUESTIONNAIRE,2373
1,1552055000948,08/03/2019 14:23:20,1552055004145,-6,08/03/2019 08:23:24,6138,31,questionnaire-s6wr,,2292772,5bd4869946e2010001a10827,625395,,complete,,5c8273d00322a90014b24dcd,computer,Desktop or Laptop,Windows 10,Chrome 72.0.3626.121,1920x1080,1920x969,after questionnairs,Feedback,2,High to Low,after consent,after demographics,after training,after fishing,after questionnairs,BEGIN QUESTIONNAIRE,
2,1552055002915,08/03/2019 14:23:22,1552055006174,-6,08/03/2019 08:23:26,6138,31,questionnaire-s6wr,,2292772,5bd4869946e2010001a10827,625395,,complete,,5c8273d00322a90014b24dcd,computer,Desktop or Laptop,Windows 10,Chrome 72.0.3626.121,1920x1080,1920x969,after questionnairs,Feedback,2,High to Low,after consent,after demographics,after training,after fishing,after questionnairs,feedback,
3,1552055003290,08/03/2019 14:23:23,1552055006177,-6,08/03/2019 08:23:26,6138,31,questionnaire-s6wr,,2292772,5bd4869946e2010001a10827,625395,,complete,,5c8273d00322a90014b24dcd,computer,Desktop or Laptop,Windows 10,Chrome 72.0.3626.121,1920x1080,1920x969,after questionnairs,Feedback,2,High to Low,after consent,after demographics,after training,after fishing,after questionnairs,END QUESTIONNAIRE,2033
1,1552055043689,08/03/2019 14:24:03,1552055043550,-5,08/03/2019 09:24:03,6138,31,questionnaire-s6wr,,2292784,5c7f17223eaee4001614f4b1,625416,,complete,,5c8274518bc0db00016677af,computer,Desktop or Laptop,Mac OS 10.14.3,Chrome 72.0.3626.119,1440x900,1440x788,after questionnairs,Feedback,2,High to Low,after consent,after demographics,after training,after fishing,after questionnairs,BEGIN QUESTIONNAIRE,
2,1552055047174,08/03/2019 14:24:07,1552055047092,-5,08/03/2019 09:24:07,6138,31,questionnaire-s6wr,,2292784,5c7f17223eaee4001614f4b1,625416,,complete,,5c8274518bc0db00016677af,computer,Desktop or Laptop,Mac OS 10.14.3,Chrome 72.0.3626.119,1440x900,1440x788,after questionnairs,Feedback,2,High to Low,after consent,after demographics,after training,after fishing,after questionnairs,feedback,
3,1552055047521,08/03/2019 14:24:07,1552055047095,-5,08/03/2019 09:24:07,6138,31,questionnaire-s6wr,,2292784,5c7f17223eaee4001614f4b1,625416,,complete,,5c8274518bc0db00016677af,computer,Desktop or Laptop,Mac OS 10.14.3,Chrome 72.0.3626.119,1440x900,1440x788,after questionnairs,Feedback,2,High to Low,after consent,after demographics,after training,after fishing,after questionnairs,END QUESTIONNAIRE,3545
1,1552055442078,08/03/2019 14:30:42,1552055445007,0,08/03/2019 14:30:45,6138,31,questionnaire-s6wr,,2292881,5be7862766e3d100010397f5,625431,,complete,,5c827233d4f0a80001762bc6,computer,Desktop or Laptop,Windows 10,Firefox 65.0,1440x810,1440x708,after questionnairs,Feedback,2,High to Low,after consent,after demographics,after training,after fishing,after questionnairs,BEGIN QUESTIONNAIRE,
2,1552055444875,08/03/2019 14:30:44,1552055446952,0,08/03/2019 14:30:46,6138,31,questionnaire-s6wr,,2292881,5be7862766e3d100010397f5,625431,,complete,,5c827233d4f0a80001762bc6,computer,Desktop or Laptop,Windows 10,Firefox 65.0,1440x810,1440x708,after questionnairs,Feedback,2,High to Low,after consent,after demographics,after training,after fishing,after questionnairs,feedback,
3,1552055444969,08/03/2019 14:30:44,1552055446954,0,08/03/2019 14:30:46,6138,31,questionnaire-s6wr,,2292881,5be7862766e3d100010397f5,625431,,complete,,5c827233d4f0a80001762bc6,computer,Desktop or Laptop,Windows 10,Firefox 65.0,1440x810,1440x708,after questionnairs,Feedback,2,High to Low,after consent,after demographics,after training,after fishing,after questionnairs,END QUESTIONNAIRE,1947
END OF FILE
