﻿Event Index,UTC Timestamp,UTC Date,Local Timestamp,Local Timezone,Local Date,Experiment ID,Experiment Version,Tree Node Key,Repeat Key,Schedule ID,Participant Public ID,Participant Private ID,Participant Starting Group,Participant Status,Participant Completion Code,Participant External Session ID,Participant Device Type,Participant Device,Participant OS,Participant Browser,Participant Monitor Size,Participant Viewport Size,Checkpoint,Task Name,Task Version,randomiser-mgaa,checkpoint-z52s,checkpoint-u6nu,checkpoint-puaw,checkpoint-axcr,checkpoint-mrc4,choice made,reaction time
1,1551894851540,06/03/2019 17:54:11,1551894850907,0,06/03/2019 17:54:10,6138,31,task-w8es,,2280591,5c0e55c7427e7b00013b7cb0,621711,,complete,,5c8003740fa63e001663059f,computer,Desktop or Laptop,Windows 10,Chrome 72.0.3626.121,1280x720,1280x578,after questionnairs,HADS,3,High to Low,after consent,after demographics,after training,after fishing,after questionnairs,"{""Q0"":""Not at all"",""Q1"":""Not at all"",""Q2"":""Only a little"",""Q3"":""Not at all"",""Q4"":""A little, but it doesn't worry me"",""Q5"":""I take just as much care as ever"",""Q6"":""As much as I always could"",""Q7"":""Quite a lot"",""Q8"":""Only occasionally"",""Q9"":""As much as I ever did"",""Q10"":""Most of the time"",""Q11"":""Not at all"",""Q12"":""Definitely"",""Q13"":""Often""}",73818.00999998813
1,1551895013535,06/03/2019 17:56:53,1551895013333,0,06/03/2019 17:56:53,6138,31,task-w8es,,2280649,5bcd24135c2b810001dc9756,621725,,complete,,5c8004ee1b962600165d54b8,computer,Desktop or Laptop,Windows 10,Chrome 72.0.3626.119,1366x768,1366x657,after questionnairs,HADS,3,Low to High,after consent,after demographics,after training,after fishing,after questionnairs,"{""Q0"":""Most of the time"",""Q1"":""Nearly all the time"",""Q2"":""Hardly at all"",""Q3"":""Very Often"",""Q4"":""Very definitely and quite badly"",""Q5"":""I don't take as much care as I should"",""Q6"":""Not quite so much now"",""Q7"":""Quite a lot"",""Q8"":""A great deal of the time"",""Q9"":""Hardly at all"",""Q10"":""Not at all"",""Q11"":""Very often indeed"",""Q12"":""Not at all"",""Q13"":""Not often""}",47990.14999999781
1,1551895192999,06/03/2019 17:59:52,1551895194253,-5,06/03/2019 12:59:54,6138,31,task-w8es,,2280721,5b245ce134ffd00001b41c00,621735,,complete,,5c80063ed88a5100169df6b7,computer,Desktop or Laptop,Windows 10,Chrome 72.0.3626.119,1536x864,1536x719,after questionnairs,HADS,3,Low to High,after consent,after demographics,after training,after fishing,after questionnairs,"{""Q0"":""From time to time, occasionally"",""Q1"":""Very often"",""Q2"":""Not quite so much"",""Q3"":""Occasionally"",""Q4"":""Yes, but not too badly"",""Q5"":""I take just as much care as ever"",""Q6"":""Not quite so much now"",""Q7"":""Quite a lot"",""Q8"":""A lot of the time"",""Q9"":""Rather less than I used to"",""Q10"":""Sometimes"",""Q11"":""Quite often"",""Q12"":""Not Often"",""Q13"":""Not often""}",39814.88499999978
1,1551895494460,06/03/2019 18:04:54,1551895531534,0,06/03/2019 18:05:31,6138,31,task-w8es,,2280802,5c4486c38bb6fd000164157d,621734,,complete,,5c80063238b1eb00011e7fc4,computer,Desktop or Laptop,Windows 7,Chrome 72.0.3626.119,1920x1080,1257x811,after questionnairs,HADS,3,High to Low,after consent,after demographics,after training,after fishing,after questionnairs,"{""Q0"":""From time to time, occasionally"",""Q1"":""Sometimes"",""Q2"":""Not quite so much"",""Q3"":""Occasionally"",""Q4"":""Yes, but not too badly"",""Q5"":""I take just as much care as ever"",""Q6"":""Definitely not so much now"",""Q7"":""Not at all"",""Q8"":""A lot of the time"",""Q9"":""Definitely less than I used to"",""Q10"":""Not often"",""Q11"":""Quite often"",""Q12"":""Not Often"",""Q13"":""Sometimes""}",85025.7649999985
1,1551895521947,06/03/2019 18:05:21,1551895521163,0,06/03/2019 18:05:21,6138,31,task-w8es,,2280814,5c536487b78e9500010dc0a1,621729,,complete,,5c8005472d63590001fd7a4a,computer,Desktop or Laptop,Mac OS 10.14.3,Safari 12.0.3,1440x900,1440x837,after questionnairs,HADS,3,High to Low,after consent,after demographics,after training,after fishing,after questionnairs,"{""Q0"":""From time to time, occasionally"",""Q1"":""Sometimes"",""Q2"":""Only a little"",""Q3"":""Not at all"",""Q4"":""A little, but it doesn't worry me"",""Q5"":""I take just as much care as ever"",""Q6"":""As much as I always could"",""Q7"":""Not very much"",""Q8"":""From time to time, but not too often"",""Q9"":""Rather less than I used to"",""Q10"":""Most of the time"",""Q11"":""Not very often"",""Q12"":""Definitely"",""Q13"":""Sometimes""}",69426
1,1551895628276,06/03/2019 18:07:08,1551895627373,0,06/03/2019 18:07:07,6138,31,task-w8es,,2280851,5c55a6daf0a1fe00017f4756,621749,,complete,,5c8007193585990001e18d14,computer,Desktop or Laptop,Windows 10,Firefox 65.0,1366x768,1366x693,after questionnairs,HADS,3,Low to High,after consent,after demographics,after training,after fishing,after questionnairs,"{""Q0"":""Most of the time"",""Q1"":""Very often"",""Q2"":""Not quite so much"",""Q3"":""Very Often"",""Q4"":""Very definitely and quite badly"",""Q5"":""I take just as much care as ever"",""Q6"":""Not quite so much now"",""Q7"":""Not very much"",""Q8"":""A great deal of the time"",""Q9"":""Definitely less than I used to"",""Q10"":""Not often"",""Q11"":""Very often indeed"",""Q12"":""Not Often"",""Q13"":""Sometimes""}",59345
1,1552054320607,08/03/2019 14:12:00,1552054320429,0,08/03/2019 14:12:00,6138,31,task-w8es,,2292556,5c3f31385c5fcf00015801cf,625406,,complete,,5c82742d35584100010cf47c,computer,Desktop or Laptop,Mac OS 10.10.5,Chrome 72.0.3626.121,1280x800,1108x569,after questionnairs,HADS,3,High to Low,after consent,after demographics,after training,after fishing,after questionnairs,"{""Q0"":""From time to time, occasionally"",""Q1"":""Nearly all the time"",""Q2"":""Not quite so much"",""Q3"":""Occasionally"",""Q4"":""A little, but it doesn't worry me"",""Q5"":""I take just as much care as ever"",""Q6"":""Definitely not so much now"",""Q7"":""Quite a lot"",""Q8"":""A great deal of the time"",""Q9"":""Rather less than I used to"",""Q10"":""Not at all"",""Q11"":""Quite often"",""Q12"":""Usually"",""Q13"":""Not often""}",29928.619999998773
1,1552054398815,08/03/2019 14:13:18,1552054400343,0,08/03/2019 14:13:20,6138,31,task-w8es,,2292570,5c3c6cb05060420001790d3f,625389,,complete,,5c827344eb5f5c0012e2ec5d,computer,Desktop or Laptop,Windows 10,Edge 17.17134,1366x768,1366x619,after questionnairs,HADS,3,Low to High,after consent,after demographics,after training,after fishing,after questionnairs,"{""Q0"":""Not at all"",""Q1"":""Not at all"",""Q2"":""Not quite so much"",""Q3"":""Occasionally"",""Q4"":""Not at all"",""Q5"":""I may not take quite as much care"",""Q6"":""As much as I always could"",""Q7"":""Not at all"",""Q8"":""Only occasionally"",""Q9"":""As much as I ever did"",""Q10"":""Most of the time"",""Q11"":""Not at all"",""Q12"":""Definitely"",""Q13"":""Sometimes""}",64894.29977843209
1,1552054418457,08/03/2019 14:13:38,1552054418274,0,08/03/2019 14:13:38,6138,31,task-w8es,,2292580,5bf033df5fc1db00013051a0,625386,,complete,,5c82733554effd0001d7194a,computer,Desktop or Laptop,Windows 10,Chrome 72.0.3626.121,1536x864,1536x754,after questionnairs,HADS,3,High to Low,after consent,after demographics,after training,after fishing,after questionnairs,"{""Q0"":""From time to time, occasionally"",""Q1"":""Sometimes"",""Q2"":""Definitely as much"",""Q3"":""Quite Often"",""Q4"":""Yes, but not too badly"",""Q5"":""I take just as much care as ever"",""Q6"":""As much as I always could"",""Q7"":""Not very much"",""Q8"":""From time to time, but not too often"",""Q9"":""As much as I ever did"",""Q10"":""Sometimes"",""Q11"":""Quite often"",""Q12"":""Usually"",""Q13"":""Often""}",55345.25000001304
1,1552054531430,08/03/2019 14:15:31,1552054531972,0,08/03/2019 14:15:31,6138,31,task-w8es,,2292611,5c75779b280f660019d7ca5f,625392,,complete,,5c82738bd2c07e0017f53292,computer,Desktop or Laptop,Windows 8,Chrome 72.0.3626.121,1344x840,1344x699,after questionnairs,HADS,3,Low to High,after consent,after demographics,after training,after fishing,after questionnairs,"{""Q0"":""From time to time, occasionally"",""Q1"":""Sometimes"",""Q2"":""Not quite so much"",""Q3"":""Quite Often"",""Q4"":""Yes, but not too badly"",""Q5"":""I don't take as much care as I should"",""Q6"":""As much as I always could"",""Q7"":""Not very much"",""Q8"":""A lot of the time"",""Q9"":""Rather less than I used to"",""Q10"":""Sometimes"",""Q11"":""Not very often"",""Q12"":""Usually"",""Q13"":""Sometimes""}",62190.57999999495
1,1552054765603,08/03/2019 14:19:25,1552054763249,0,08/03/2019 14:19:23,6138,31,task-w8es,,2292679,5c7ae077477abb00168f812e,625410,,complete,,5c8273b0eb5f5c0012e2ec5f,computer,Desktop or Laptop,Windows 10,Chrome 72.0.3626.119,1366x768,1366x625,after questionnairs,HADS,3,Low to High,after consent,after demographics,after training,after fishing,after questionnairs,"{""Q0"":""From time to time, occasionally"",""Q1"":""Sometimes"",""Q2"":""Not quite so much"",""Q3"":""Occasionally"",""Q4"":""A little, but it doesn't worry me"",""Q5"":""I take just as much care as ever"",""Q6"":""As much as I always could"",""Q7"":""Not very much"",""Q8"":""From time to time, but not too often"",""Q9"":""Rather less than I used to"",""Q10"":""Sometimes"",""Q11"":""Not very often"",""Q12"":""Not Often"",""Q13"":""Sometimes""}",73251.58000004012
1,1552055440871,08/03/2019 14:30:40,1552055443777,0,08/03/2019 14:30:43,6138,31,task-w8es,,2292868,5be7862766e3d100010397f5,625431,,complete,,5c827233d4f0a80001762bc6,computer,Desktop or Laptop,Windows 10,Firefox 65.0,1440x810,1440x708,after questionnairs,HADS,3,High to Low,after consent,after demographics,after training,after fishing,after questionnairs,"{""Q0"":""From time to time, occasionally"",""Q1"":""Sometimes"",""Q2"":""Not quite so much"",""Q3"":""Quite Often"",""Q4"":""Yes, but not too badly"",""Q5"":""I take just as much care as ever"",""Q6"":""Not quite so much now"",""Q7"":""Not at all"",""Q8"":""A lot of the time"",""Q9"":""Rather less than I used to"",""Q10"":""Most of the time"",""Q11"":""Quite often"",""Q12"":""Usually"",""Q13"":""Often""}",82194
1,1551896657859,06/03/2019 18:24:17,1551896652098,0,06/03/2019 18:24:12,6138,31,task-w8es,,2281066,5bd9957a7351b50001b2c9ba,621774,,complete,,5c80092e78e54b0001d3e658,computer,Desktop or Laptop,Windows 8.1,Chrome 72.0.3626.121,1366x768,1366x625,after questionnairs,HADS,3,High to Low,after consent,after demographics,after training,after fishing,after questionnairs,"{""Q0"":""From time to time, occasionally"",""Q1"":""Sometimes"",""Q2"":""Definitely as much"",""Q3"":""Occasionally"",""Q4"":""A little, but it doesn't worry me"",""Q5"":""I take just as much care as ever"",""Q6"":""As much as I always could"",""Q7"":""Not very much"",""Q8"":""From time to time, but not too often"",""Q9"":""As much as I ever did"",""Q10"":""Most of the time"",""Q11"":""Not very often"",""Q12"":""Usually"",""Q13"":""Often""}",63151.52500000113
1,1551896451050,06/03/2019 18:20:51,1551896450921,0,06/03/2019 18:20:50,6138,31,task-w8es,,2281035,5c6c53f1c3aa150001144ea6,621775,,complete,,5c800946b9f2040016ae31fa,computer,Desktop or Laptop,Mac OS 10.13.6,Chrome 72.0.3626.119,1280x800,1280x597,after questionnairs,HADS,3,High to Low,after consent,after demographics,after training,after fishing,after questionnairs,"{""Q0"":""A lot of the time"",""Q1"":""Very often"",""Q2"":""Only a little"",""Q3"":""Very Often"",""Q4"":""Very definitely and quite badly"",""Q5"":""I may not take quite as much care"",""Q6"":""Not quite so much now"",""Q7"":""Quite a lot"",""Q8"":""A great deal of the time"",""Q9"":""Rather less than I used to"",""Q10"":""Sometimes"",""Q11"":""Quite often"",""Q12"":""Not Often"",""Q13"":""Sometimes""}",37376.52000000526
1,1551896427832,06/03/2019 18:20:27,1551896427723,0,06/03/2019 18:20:27,6138,31,task-w8es,,2281030,5c1246ea72a5f1000117134b,621785,,complete,,5c800a037a96cf0017545b2a,computer,Desktop or Laptop,Mac OS 10.14.3,Chrome 72.0.3626.119,1280x800,1280x721,after questionnairs,HADS,3,Low to High,after consent,after demographics,after training,after fishing,after questionnairs,"{""Q0"":""A lot of the time"",""Q1"":""Sometimes"",""Q2"":""Not quite so much"",""Q3"":""Occasionally"",""Q4"":""Yes, but not too badly"",""Q5"":""I don't take as much care as I should"",""Q6"":""Not quite so much now"",""Q7"":""Not at all"",""Q8"":""From time to time, but not too often"",""Q9"":""As much as I ever did"",""Q10"":""Most of the time"",""Q11"":""Not very often"",""Q12"":""Usually"",""Q13"":""Often""}",30096.18000000046
1,1551896334552,06/03/2019 18:18:54,1551896337238,0,06/03/2019 18:18:57,6138,31,task-w8es,,2281012,5c1f89a010140800013f7ced,621789,,complete,,5c800a14e960aa00169603c7,computer,Desktop or Laptop,Windows 10,Chrome 72.0.3626.119,1366x768,1366x657,after questionnairs,HADS,3,High to Low,after consent,after demographics,after training,after fishing,after questionnairs,"{""Q0"":""Not at all"",""Q1"":""Not at all"",""Q2"":""Definitely as much"",""Q3"":""Occasionally"",""Q4"":""Not at all"",""Q5"":""I take just as much care as ever"",""Q6"":""As much as I always could"",""Q7"":""Not very much"",""Q8"":""Only occasionally"",""Q9"":""As much as I ever did"",""Q10"":""Most of the time"",""Q11"":""Not at all"",""Q12"":""Usually"",""Q13"":""Often""}",36613.760000036564
1,1551896391947,06/03/2019 18:19:51,1551896390550,0,06/03/2019 18:19:50,6138,31,task-w8es,,2281010,5c59f7cb4eea0b00017c9317,621761,,complete,,5c80084ebaf0670015b60800,computer,Desktop or Laptop,Windows 10,Edge 17.17134,1366x768,1366x651,after questionnairs,HADS,3,Low to High,after consent,after demographics,after training,after fishing,after questionnairs,"{""Q0"":""From time to time, occasionally"",""Q1"":""Very often"",""Q2"":""Not quite so much"",""Q3"":""Quite Often"",""Q4"":""A little, but it doesn't worry me"",""Q5"":""I don't take as much care as I should"",""Q6"":""As much as I always could"",""Q7"":""Quite a lot"",""Q8"":""From time to time, but not too often"",""Q9"":""As much as I ever did"",""Q10"":""Not often"",""Q11"":""Not very often"",""Q12"":""Definitely"",""Q13"":""Often""}",104668.09998927501
1,1551896214523,06/03/2019 18:16:54,1551896211907,0,06/03/2019 18:16:51,6138,31,task-w8es,,2280981,5bfae63246911f0001d7d3f8,621772,,complete,,5c80092d4bb4bc0001ea3e6e,computer,Desktop or Laptop,Windows 10,Chrome 72.0.3626.121,1280x720,1280x610,after questionnairs,HADS,3,Low to High,after consent,after demographics,after training,after fishing,after questionnairs,"{""Q0"":""From time to time, occasionally"",""Q1"":""Sometimes"",""Q2"":""Definitely as much"",""Q3"":""Occasionally"",""Q4"":""Yes, but not too badly"",""Q5"":""I may not take quite as much care"",""Q6"":""As much as I always could"",""Q7"":""Quite a lot"",""Q8"":""From time to time, but not too often"",""Q9"":""As much as I ever did"",""Q10"":""Most of the time"",""Q11"":""Not very often"",""Q12"":""Definitely"",""Q13"":""Often""}",79855.935000116
1,1551895985454,06/03/2019 18:13:05,1551895985150,0,06/03/2019 18:13:05,6138,31,task-w8es,,2280916,5c658b1c2ff6e000018bfa94,621770,,complete,,5c8008882d63590016fd7a65,computer,Desktop or Laptop,Mac OS 10.12.6,Safari 12.0.1,1440x900,1440x837,after questionnairs,HADS,3,High to Low,after consent,after demographics,after training,after fishing,after questionnairs,"{""Q0"":""A lot of the time"",""Q1"":""Very often"",""Q2"":""Definitely as much"",""Q3"":""Very Often"",""Q4"":""Very definitely and quite badly"",""Q5"":""I take just as much care as ever"",""Q6"":""As much as I always could"",""Q7"":""Not very much"",""Q8"":""A great deal of the time"",""Q9"":""As much as I ever did"",""Q10"":""Sometimes"",""Q11"":""Very often indeed"",""Q12"":""Usually"",""Q13"":""Sometimes""}",92975
1,1551895901234,06/03/2019 18:11:41,1551895901229,0,06/03/2019 18:11:41,6138,31,task-w8es,,2280902,5bdca092e27ddf0001185103,621753,,complete,,5c8007961f93070012f8acf1,computer,Desktop or Laptop,Windows 10,Chrome 72.0.3626.119,1366x768,1366x768,after questionnairs,HADS,3,Low to High,after consent,after demographics,after training,after fishing,after questionnairs,"{""Q0"":""A lot of the time"",""Q1"":""Sometimes"",""Q2"":""Not quite so much"",""Q3"":""Quite Often"",""Q4"":""Yes, but not too badly"",""Q5"":""I take just as much care as ever"",""Q6"":""Not quite so much now"",""Q7"":""Not very much"",""Q8"":""A lot of the time"",""Q9"":""Rather less than I used to"",""Q10"":""Sometimes"",""Q11"":""Not very often"",""Q12"":""Usually"",""Q13"":""Often""}",63862.18999995617
1,1551895896561,06/03/2019 18:11:36,1551895897768,0,06/03/2019 18:11:37,6138,31,task-w8es,,2280896,5c40dea5f374a90001622c8e,621759,,complete,,5c8007e316fe5f0001f841fb,computer,Desktop or Laptop,Windows 10,Chrome 72.0.3626.119,1366x768,1366x625,after questionnairs,HADS,3,Low to High,after consent,after demographics,after training,after fishing,after questionnairs,"{""Q0"":""Most of the time"",""Q1"":""Sometimes"",""Q2"":""Not quite so much"",""Q3"":""Very Often"",""Q4"":""A little, but it doesn't worry me"",""Q5"":""I take just as much care as ever"",""Q6"":""As much as I always could"",""Q7"":""Not very much"",""Q8"":""From time to time, but not too often"",""Q9"":""As much as I ever did"",""Q10"":""Sometimes"",""Q11"":""Not very often"",""Q12"":""Not Often"",""Q13"":""Often""}",69744.56500000088
1,1551895679037,06/03/2019 18:07:59,1551895678080,0,06/03/2019 18:07:58,6138,31,task-w8es,,2280860,5c635ac08a8eed000143da6c,621762,,complete,,5c8008660fa63e00166305ba,computer,Desktop or Laptop,Windows 10,Chrome 72.0.3626.121,1920x1080,1920x979,after questionnairs,HADS,3,High to Low,after consent,after demographics,after training,after fishing,after questionnairs,"{""Q0"":""From time to time, occasionally"",""Q1"":""Sometimes"",""Q2"":""Definitely as much"",""Q3"":""Occasionally"",""Q4"":""Yes, but not too badly"",""Q5"":""I don't take as much care as I should"",""Q6"":""As much as I always could"",""Q7"":""Very much indeed"",""Q8"":""A lot of the time"",""Q9"":""As much as I ever did"",""Q10"":""Most of the time"",""Q11"":""Quite often"",""Q12"":""Usually"",""Q13"":""Often""}",54885.27500000055
1,1551895404878,06/03/2019 18:03:24,1551895403574,0,06/03/2019 18:03:23,6138,31,task-w8es,,2280778,5c655f01755ed200011bf205,621733,,complete,,5c80061b472e4e0012531f32,computer,Desktop or Laptop,Windows 10,Chrome 72.0.3626.119,1366x768,1366x657,after questionnairs,HADS,3,Low to High,after consent,after demographics,after training,after fishing,after questionnairs,"{""Q0"":""From time to time, occasionally"",""Q1"":""Sometimes"",""Q2"":""Definitely as much"",""Q3"":""Occasionally"",""Q4"":""Yes, but not too badly"",""Q5"":""I may not take quite as much care"",""Q6"":""As much as I always could"",""Q7"":""Not very much"",""Q8"":""A lot of the time"",""Q9"":""As much as I ever did"",""Q10"":""Sometimes"",""Q11"":""Not at all"",""Q12"":""Usually"",""Q13"":""Often""}",67945.38499999908
1,1551895383226,06/03/2019 18:03:03,1551895380917,0,06/03/2019 18:03:00,6138,31,task-w8es,,2280773,5c66bbd0d0fb37000172fdfe,621738,,complete,,5c800653d8bd0900162bdb23,computer,Desktop or Laptop,Windows 10,Firefox 65.0,1824x1026,1824x890,after questionnairs,HADS,3,High to Low,after consent,after demographics,after training,after fishing,after questionnairs,"{""Q0"":""A lot of the time"",""Q1"":""Very often"",""Q2"":""Not quite so much"",""Q3"":""Occasionally"",""Q4"":""Yes, but not too badly"",""Q5"":""I don't take as much care as I should"",""Q6"":""Not quite so much now"",""Q7"":""Quite a lot"",""Q8"":""A lot of the time"",""Q9"":""Rather less than I used to"",""Q10"":""Sometimes"",""Q11"":""Not very often"",""Q12"":""Usually"",""Q13"":""Sometimes""}",62592
1,1552055041519,08/03/2019 14:24:01,1552055041310,-5,08/03/2019 09:24:01,6138,31,task-w8es,,2292766,5c7f17223eaee4001614f4b1,625416,,complete,,5c8274518bc0db00016677af,computer,Desktop or Laptop,Mac OS 10.14.3,Chrome 72.0.3626.119,1440x900,1440x788,after questionnairs,HADS,3,High to Low,after consent,after demographics,after training,after fishing,after questionnairs,"{""Q0"":""Not at all"",""Q1"":""Not at all"",""Q2"":""Definitely as much"",""Q3"":""Occasionally"",""Q4"":""Not at all"",""Q5"":""I take just as much care as ever"",""Q6"":""As much as I always could"",""Q7"":""Not at all"",""Q8"":""Only occasionally"",""Q9"":""As much as I ever did"",""Q10"":""Most of the time"",""Q11"":""Not at all"",""Q12"":""Definitely"",""Q13"":""Often""}",62211.784999934025
1,1552054994875,08/03/2019 14:23:14,1552054998132,-6,08/03/2019 08:23:18,6138,31,task-w8es,,2292746,5bd4869946e2010001a10827,625395,,complete,,5c8273d00322a90014b24dcd,computer,Desktop or Laptop,Windows 10,Chrome 72.0.3626.121,1920x1080,1920x969,after questionnairs,HADS,3,High to Low,after consent,after demographics,after training,after fishing,after questionnairs,"{""Q0"":""From time to time, occasionally"",""Q1"":""Not at all"",""Q2"":""Not quite so much"",""Q3"":""Occasionally"",""Q4"":""Very definitely and quite badly"",""Q5"":""I may not take quite as much care"",""Q6"":""As much as I always could"",""Q7"":""Not at all"",""Q8"":""A lot of the time"",""Q9"":""Rather less than I used to"",""Q10"":""Sometimes"",""Q11"":""Not very often"",""Q12"":""Not Often"",""Q13"":""Often""}",74712.98000006936
1,1552054858830,08/03/2019 14:20:58,1552054858730,0,08/03/2019 14:20:58,6138,31,task-w8es,,2292710,5b8bbd437073290001839123,625408,,complete,,5c827475d4f0a800157628f1,computer,Desktop or Laptop,Mac OS 10.14.3,Chrome 72.0.3626.119,1920x1080,1920x968,after questionnairs,HADS,3,Low to High,after consent,after demographics,after training,after fishing,after questionnairs,"{""Q0"":""A lot of the time"",""Q1"":""Sometimes"",""Q2"":""Not quite so much"",""Q3"":""Occasionally"",""Q4"":""A little, but it doesn't worry me"",""Q5"":""I may not take quite as much care"",""Q6"":""As much as I always could"",""Q7"":""Not very much"",""Q8"":""A lot of the time"",""Q9"":""Rather less than I used to"",""Q10"":""Sometimes"",""Q11"":""Quite often"",""Q12"":""Not Often"",""Q13"":""Often""}",61862.28000000119
1,1552054834159,08/03/2019 14:20:34,1552054823400,0,08/03/2019 14:20:23,6138,31,task-w8es,,2292699,5c75bbfec84cc10001508282,625411,,complete,,5c8274a38a3a800010c83115,computer,Desktop or Laptop,Windows 10,Chrome 72.0.3626.121,1920x1080,1920x938,after questionnairs,HADS,3,Low to High,after consent,after demographics,after training,after fishing,after questionnairs,"{""Q0"":""A lot of the time"",""Q1"":""Very often"",""Q2"":""Only a little"",""Q3"":""Very Often"",""Q4"":""Very definitely and quite badly"",""Q5"":""I may not take quite as much care"",""Q6"":""Not quite so much now"",""Q7"":""Quite a lot"",""Q8"":""A great deal of the time"",""Q9"":""As much as I ever did"",""Q10"":""Sometimes"",""Q11"":""Quite often"",""Q12"":""Definitely"",""Q13"":""Often""}",88564.19999999981
1,1552054708522,08/03/2019 14:18:28,1552054707969,0,08/03/2019 14:18:27,6138,31,task-w8es,,2292659,5c3bb90ebfed770001109912,625404,,complete,,5c8273a742ff490016c7dd3b,computer,Desktop or Laptop,Windows 10,Chrome 72.0.3626.121,1280x720,1280x610,after questionnairs,HADS,3,Low to High,after consent,after demographics,after training,after fishing,after questionnairs,"{""Q0"":""From time to time, occasionally"",""Q1"":""Sometimes"",""Q2"":""Not quite so much"",""Q3"":""Occasionally"",""Q4"":""A little, but it doesn't worry me"",""Q5"":""I may not take quite as much care"",""Q6"":""Not quite so much now"",""Q7"":""Quite a lot"",""Q8"":""A lot of the time"",""Q9"":""Rather less than I used to"",""Q10"":""Sometimes"",""Q11"":""Not very often"",""Q12"":""Definitely"",""Q13"":""Often""}",73874.33499994222
1,1552054689525,08/03/2019 14:18:09,1552054689155,0,08/03/2019 14:18:09,6138,31,task-w8es,,2292626,5c65e63b67057200011abaa4,625385,,complete,,5c82731c8c0d01001758fdcf,computer,Desktop or Laptop,Windows 10,Chrome 72.0.3626.119,1707x960,1897x945,after questionnairs,HADS,3,Low to High,after consent,after demographics,after training,after fishing,after questionnairs,"{""Q0"":""From time to time, occasionally"",""Q1"":""Very often"",""Q2"":""Not quite so much"",""Q3"":""Occasionally"",""Q4"":""Yes, but not too badly"",""Q5"":""I don't take as much care as I should"",""Q6"":""Not quite so much now"",""Q7"":""Not very much"",""Q8"":""A lot of the time"",""Q9"":""Definitely less than I used to"",""Q10"":""Sometimes"",""Q11"":""Quite often"",""Q12"":""Usually"",""Q13"":""Sometimes""}",153403.13499979675
1,1552054603823,08/03/2019 14:16:43,1552054573210,0,08/03/2019 14:16:13,6138,31,task-w8es,,2292622,5ab5509cf69e940001d8d954,625403,,complete,,5c82741e24efd80001b93dfa,computer,Desktop or Laptop,Windows 7,Firefox 65.0,1366x768,1366x654,after questionnairs,HADS,3,High to Low,after consent,after demographics,after training,after fishing,after questionnairs,"{""Q0"":""Not at all"",""Q1"":""Not at all"",""Q2"":""Definitely as much"",""Q3"":""Occasionally"",""Q4"":""A little, but it doesn't worry me"",""Q5"":""I take just as much care as ever"",""Q6"":""As much as I always could"",""Q7"":""Quite a lot"",""Q8"":""Only occasionally"",""Q9"":""As much as I ever did"",""Q10"":""Most of the time"",""Q11"":""Not very often"",""Q12"":""Definitely"",""Q13"":""Often""}",43772
1,1552054554728,08/03/2019 14:15:54,1552054554536,0,08/03/2019 14:15:54,6138,31,task-w8es,,2292616,5bfee33dce8e790001551d25,625394,,complete,,5c8273be810e890001e722fd,computer,Desktop or Laptop,Mac OS 10.14.3,Safari 12.0.3,1280x800,1280x737,after questionnairs,HADS,3,High to Low,after consent,after demographics,after training,after fishing,after questionnairs,"{""Q0"":""From time to time, occasionally"",""Q1"":""Very often"",""Q2"":""Definitely as much"",""Q3"":""Occasionally"",""Q4"":""Not at all"",""Q5"":""I take just as much care as ever"",""Q6"":""As much as I always could"",""Q7"":""Not very much"",""Q8"":""From time to time, but not too often"",""Q9"":""As much as I ever did"",""Q10"":""Most of the time"",""Q11"":""Not at all"",""Q12"":""Definitely"",""Q13"":""Often""}",59363.00000000001
END OF FILE
